Year,Abilene Christian,Air Force,Akron,Alabama,Alabama A&M,Alabama St.,Albany,Alcorn St.,American,Appalachian St.,Arizona,Arizona St.,Arkansas,Arkansas Pine Bluff,Arkansas St.,Army,Auburn,Austin Peay,Ball St.,Baylor,Bellarmine,Belmont,Bethune Cookman,Binghamton,Boise St.,Boston College,Boston University,Bowling Green,Bradley,Brown,Bryant,Bucknell,Buffalo,Butler,BYU,Cal Baptist,Cal Poly,Cal St. Bakersfield,Cal St. Fullerton,Cal St. Northridge,California,Campbell,Canisius,Central Arkansas,Central Connecticut,Central Michigan,Charleston,Charleston Southern,Charlotte,Chattanooga,Chicago St.,Cincinnati,Clemson,Cleveland St.,Coastal Carolina,Colgate,Colorado,Colorado St.,Columbia,Connecticut,Coppin St.,Cornell,Creighton,Dartmouth,Davidson,Dayton,Delaware,Delaware St.,Denver,DePaul,Detroit Mercy,Dixie St.,Drake,Drexel,Duke,Duquesne,East Carolina,East Tennessee St.,Eastern Illinois,Eastern Kentucky,Eastern Michigan,Eastern Washington,Elon,Evansville,Fairfield,Fairleigh Dickinson,FIU,Florida,Florida A&M,Florida Atlantic,Florida Gulf Coast,Florida St.,Fordham,Fresno St.,Furman,Gardner Webb,George Mason,George Washington,Georgetown,Georgia,Georgia Southern,Georgia St.,Georgia Tech,Gonzaga,Grambling St.,Grand Canyon,Green Bay,Hampton,Hartford,Harvard,Hawaii,High Point,Hofstra,Holy Cross,Houston,Houston Baptist,Howard,Idaho,Idaho St.,Illinois,Illinois Chicago,Illinois St.,Incarnate Word,Indiana,Indiana St.,Iona,Iowa,Iowa St.,IUPUI,Jackson St.,Jacksonville,Jacksonville St.,James Madison,Kansas,Kansas St.,Kennesaw St.,Kent St.,Kentucky,La Salle,Lafayette,Lamar,Lehigh,Liberty,Lipscomb,Little Rock,LIU,Long Beach St.,Longwood,Louisiana,Louisiana Monroe,Louisiana Tech,Louisville,Loyola Chicago,Loyola Marymount,Loyola MD,LSU,Maine,Manhattan,Marist,Marquette,Marshall,Maryland,Maryland Eastern Shore,Massachusetts,McNeese St.,Memphis,Mercer,Merrimack,Miami FL,Miami OH,Michigan,Michigan St.,Middle Tennessee,Milwaukee,Minnesota,Mississippi,Mississippi St.,Mississippi Valley St.,Missouri,Missouri St.,Monmouth,Montana,Montana St.,Morehead St.,Morgan St.,Mount St. Mary's,Murray St.,N.C. State,Navy,Nebraska,Nebraska Omaha,Nevada,New Hampshire,New Mexico,New Mexico St.,New Orleans,Niagara,Nicholls St.,NJIT,Norfolk St.,North Alabama,North Carolina,North Carolina A&T,North Carolina Central,North Dakota,North Dakota St.,North Florida,North Texas,Northeastern,Northern Arizona,Northern Colorado,Northern Illinois,Northern Iowa,Northern Kentucky,Northwestern,Northwestern St.,Notre Dame,Oakland,Ohio,Ohio St.,Oklahoma,Oklahoma St.,Old Dominion,Oral Roberts,Oregon,Oregon St.,Pacific,Penn,Penn St.,Pepperdine,Pittsburgh,Portland,Portland St.,Prairie View A&M,Presbyterian,Princeton,Providence,Purdue,Purdue Fort Wayne,Quinnipiac,Radford,Rhode Island,Rice,Richmond,Rider,Robert Morris,Rutgers,Sacramento St.,Sacred Heart,Saint Joseph's,Saint Louis,Saint Mary's,Saint Peter's,Sam Houston St.,Samford,San Diego,San Diego St.,San Francisco,San Jose St.,Santa Clara,Seattle,Seton Hall,Siena,SIU Edwardsville,SMU,South Alabama,South Carolina,South Carolina St.,South Dakota,South Dakota St.,South Florida,Southeast Missouri St.,Southeastern Louisiana,Southern,Southern Illinois,Southern Miss,Southern Utah,St. Bonaventure,St. Francis NY,St. Francis PA,St. John's,St. Thomas,Stanford,Stephen F. Austin,Stetson,Stony Brook,Syracuse,Tarleton St.,TCU,Temple,Tennessee,Tennessee Martin,Tennessee St.,Tennessee Tech,Texas,Texas A&M,Texas A&M Corpus Chris,Texas Southern,Texas St.,Texas Tech,The Citadel,Toledo,Towson,Troy,Tulane,Tulsa,UAB,UC Davis,UC Irvine,UC Riverside,UC San Diego,UC Santa Barbara,UCF,UCLA,UMass Lowell,UMBC,UMKC,UNC Asheville,UNC Greensboro,UNC Wilmington,UNLV,USC,USC Upstate,UT Arlington,UT Rio Grande Valley,Utah,Utah St.,Utah Valley,UTEP,UTSA,Valparaiso,Vanderbilt,VCU,Vermont,Villanova,Virginia,Virginia Tech,VMI,Wagner,Wake Forest,Washington,Washington St.,Weber St.,West Virginia,Western Carolina,Western Illinois,Western Kentucky,Western Michigan,Wichita St.,William & Mary,Winthrop,Wisconsin,Wofford,Wright St.,Wyoming,Xavier,Yale,Youngstown St.
2002,,181,227,22,262,272,314,252,206,229,13,69,57,324,141,289,88,197,55,106,106,217,285,292,188,71,194,60,212,205,205,269,184,28,63,63,159,159,284,182,37,301,257,209,150,204,204,278,40,138,320,2,132,193,306,223,87,125,239,18,315,303,59,304,119,42,155,242,256,170,102,102,175,176,1,225,183,89,233,295,307,158,281,265,208,318,234,7,280,191,191,121,214,82,171,195,133,200,36,25,136,135,70,24,309,309,207,116,274,235,51,302,221,162,104,104,224,277,267,8,118,140,140,6,228,218,46,113,169,293,185,245,173,4,120,120,14,10,147,238,247,298,322,310,310,310,177,177,177,187,64,61,126,264,313,66,283,112,117,11,166,3,296,127,100,33,294,294,39,139,128,32,202,93,43,34,26,282,29,29,231,210,131,168,316,325,146,21,270,103,103,123,287,92,96,172,180,323,323,288,288,137,271,271,271,271,271,161,279,220,220,186,178,178,90,240,19,143,115,17,5,38,164,109,9,124,98,58,198,62,16,258,249,319,319,145,94,83,83,259,196,237,203,80,154,290,105,276,299,68,86,226,308,201,179,101,74,156,251,211,327,84,174,174,108,255,20,266,266,266,73,273,300,317,49,165,215,78,254,305,76,76,15,261,268,312,56,56,110,48,54,246,236,72,27,213,248,311,311,31,151,153,275,275,129,41,95,95,91,253,253,77,149,35,35,243,163,263,111,65,81,12,12,250,250,45,75,75,189,160,47,85,122,190,52,53,142,241,199,30,99,216,144,192,232,260,44,130,152,222,219,50,244,134,67,23,148,286
2003,,152,178,38,309,257,311,278,146,173,4,30,134,322,160,323,46,135,169,102,102,165,314,198,183,49,125,184,145,158,158,220,259,31,24,24,181,181,234,189,47,318,202,245,238,70,70,250,103,127,308,36,105,240,261,235,34,104,316,22,287,293,26,284,143,40,171,264,136,69,63,63,225,111,6,206,164,147,180,269,203,109,292,182,154,279,227,11,270,288,288,77,258,98,233,277,117,110,35,16,231,224,43,33,298,298,201,241,199,218,115,307,255,66,212,212,276,210,186,5,62,215,215,41,266,159,78,64,161,267,263,191,217,2,60,60,94,1,163,247,243,223,297,300,300,300,295,295,295,254,188,10,124,204,315,23,197,68,213,15,174,13,319,195,211,29,175,175,100,139,61,19,19,52,72,59,14,236,28,28,242,193,219,151,320,299,106,50,290,138,138,83,310,187,87,172,177,321,321,294,294,54,327,327,327,327,327,232,214,190,190,137,194,194,167,305,18,185,168,75,9,25,162,153,42,128,176,48,209,148,3,207,275,249,249,133,45,27,27,229,313,116,112,97,221,285,101,246,303,17,79,142,237,157,205,80,92,118,280,226,324,53,122,122,140,156,81,244,244,244,114,251,262,312,55,166,265,84,239,256,67,67,39,144,301,271,8,8,170,74,58,230,326,123,7,89,252,260,260,32,291,132,317,317,108,51,73,73,119,268,268,95,129,107,107,304,274,283,248,37,71,91,91,192,192,44,88,88,296,282,93,90,121,150,57,82,141,289,179,21,130,208,76,113,281,306,56,86,131,273,222,12,200,216,96,20,155,253
2004,,36,159,29,302,266,310,312,185,213,32,142,97,326,160,325,68,103,138,232,232,105,313,260,49,37,127,175,163,201,201,207,109,130,35,35,206,206,210,179,102,314,235,173,230,273,273,308,43,145,234,16,107,283,242,280,54,131,267,2,241,231,65,319,137,74,150,251,178,58,80,80,155,99,1,146,113,85,279,197,216,125,252,208,106,226,311,25,256,245,245,26,262,91,164,277,96,50,124,76,143,134,8,7,299,299,156,268,295,307,78,255,140,171,220,220,309,158,263,13,63,177,177,94,190,193,69,64,117,291,289,239,264,18,83,83,75,10,183,218,284,240,181,306,306,306,294,294,294,275,119,19,191,182,315,70,204,48,292,92,180,22,322,184,238,33,247,247,110,122,44,34,135,62,133,128,14,168,51,51,194,246,222,202,297,272,61,9,324,40,40,20,293,115,199,167,104,317,317,301,301,11,323,323,323,323,323,214,198,186,186,223,84,84,100,259,52,165,188,148,56,4,101,141,79,149,82,73,227,129,5,162,211,321,321,108,24,57,57,300,288,86,71,38,224,270,72,203,282,3,87,59,161,271,257,281,111,174,243,157,316,27,212,212,136,187,39,219,219,219,217,221,192,290,42,176,261,254,244,269,200,200,12,139,274,296,30,30,154,90,89,253,265,236,17,189,215,298,258,28,318,112,278,278,225,153,46,46,209,196,196,121,98,144,144,285,147,305,229,120,77,132,132,205,205,45,47,47,41,248,152,23,81,172,53,66,123,320,276,15,60,126,170,93,237,304,118,31,55,233,228,6,287,169,114,21,195,249
2005,,44,72,18,278,301,161,327,185,182,13,70,56,322,158,325,149,183,96,236,236,221,313,193,214,25,92,133,126,239,239,95,76,145,157,157,311,311,117,99,144,323,261,319,240,238,238,288,54,165,241,19,57,204,273,248,113,148,250,15,249,227,39,282,114,111,224,209,87,62,131,131,138,104,3,256,197,257,229,143,191,262,281,152,175,190,201,10,302,242,242,102,188,168,199,210,140,38,52,205,173,234,22,26,300,300,176,232,310,218,127,226,103,66,100,100,324,246,308,2,136,120,120,65,160,186,27,48,139,299,289,286,312,11,71,71,83,9,217,275,174,211,272,276,276,276,235,328,328,293,150,4,170,153,306,42,219,151,231,98,202,37,330,180,228,53,244,244,67,64,128,5,116,36,41,107,34,259,101,101,215,194,237,294,297,309,112,23,284,80,80,55,269,31,271,184,106,317,317,270,270,1,320,320,320,320,320,207,119,233,307,137,45,45,124,171,59,178,85,30,12,6,73,75,93,121,40,77,216,135,24,147,213,326,326,142,61,123,123,296,291,251,91,159,164,260,141,279,315,49,166,78,179,167,189,118,154,125,280,129,329,109,285,285,130,222,50,198,198,198,132,162,134,305,29,230,267,321,243,258,105,105,69,266,283,253,16,16,97,84,82,304,195,155,28,46,169,314,255,32,303,88,298,263,247,177,51,265,187,268,268,212,192,68,68,287,181,264,208,156,90,115,115,252,252,20,21,21,58,200,196,33,122,43,7,89,94,316,254,8,14,79,245,35,295,206,86,63,47,290,108,17,223,172,110,81,203,318
2006,,40,83,60,268,290,138,310,257,238,23,141,20,284,216,331,113,195,199,154,154,165,294,194,143,18,203,260,25,296,296,58,139,61,91,91,247,247,166,262,47,285,210,317,158,300,300,258,94,236,234,44,59,243,167,286,72,128,297,4,280,233,51,306,122,131,221,201,172,90,176,176,136,100,2,301,272,220,314,261,264,148,227,188,225,173,274,1,291,245,245,38,127,137,224,263,22,43,13,107,161,219,103,33,305,305,193,271,241,255,98,213,63,129,75,75,315,289,200,9,170,169,169,34,179,65,21,76,178,269,329,205,311,8,77,308,70,24,95,292,206,192,323,177,177,177,145,312,312,283,96,46,144,135,184,11,293,134,108,36,223,57,325,105,218,6,318,318,55,101,28,27,159,62,82,147,114,322,151,35,164,87,214,328,333,242,89,30,304,111,111,37,277,115,126,231,181,307,307,288,288,10,320,320,320,163,324,207,110,157,302,120,32,32,123,93,29,270,109,14,45,53,67,112,66,149,68,97,116,204,12,212,162,332,332,265,79,155,155,253,230,150,217,246,229,240,71,156,256,41,125,106,146,182,133,119,52,152,198,160,334,86,132,132,187,84,19,275,275,299,171,309,189,197,48,278,248,237,267,326,117,117,78,185,281,313,50,50,239,64,17,222,208,202,3,31,124,319,321,121,330,118,249,168,209,211,56,287,130,303,303,174,190,7,7,266,279,295,273,42,88,102,102,191,191,140,69,69,85,226,175,49,104,196,5,81,74,316,254,80,15,99,250,16,244,298,92,232,26,235,73,39,251,183,142,54,259,252
2007,,20,45,62,331,317,138,328,167,76,24,143,42,300,204,259,85,163,205,107,107,121,333,222,114,44,194,217,53,227,227,98,198,15,46,46,155,155,179,234,78,268,245,275,177,215,215,324,156,202,203,141,29,232,235,285,216,108,206,56,301,189,28,293,61,124,295,200,327,50,154,154,110,73,10,223,302,166,303,182,224,180,276,83,207,258,284,2,254,226,226,34,137,106,193,280,89,95,4,55,199,241,23,49,315,315,144,247,239,257,79,173,99,93,94,94,330,299,158,36,152,86,86,14,140,323,70,134,183,251,246,294,292,5,57,263,81,13,236,310,214,252,219,187,187,187,113,320,320,243,197,19,84,211,191,54,265,262,119,38,190,12,336,67,267,9,298,298,109,87,59,17,201,210,160,60,26,250,63,35,260,192,273,281,287,240,218,75,266,82,82,47,290,139,96,231,186,272,334,322,322,1,283,283,283,104,335,162,188,161,311,230,69,69,136,165,22,128,125,3,58,74,64,88,18,174,209,92,147,220,11,274,176,332,332,269,72,30,30,253,289,135,171,278,244,212,208,291,185,97,120,103,314,132,221,159,80,157,233,77,326,105,149,149,169,146,126,286,286,319,150,296,229,304,16,127,178,297,279,305,129,129,66,195,308,277,40,40,172,131,31,312,282,170,25,7,91,321,309,71,325,111,151,228,142,115,117,318,168,306,306,153,112,6,6,270,213,242,164,225,41,39,39,261,261,145,90,90,133,316,148,43,52,123,21,48,37,237,288,102,68,27,184,33,238,313,116,118,65,196,51,8,249,100,130,32,175,181
2008,,156,76,86,318,206,176,339,150,141,23,49,40,329,270,264,149,168,234,41,41,129,324,224,126,105,226,204,87,134,134,241,181,20,35,35,267,320,88,131,67,288,305,279,201,178,178,316,84,158,263,102,16,103,286,192,125,265,262,27,298,123,74,313,11,60,207,275,233,114,251,251,17,257,6,79,225,174,325,278,182,248,184,217,210,303,260,38,301,223,307,59,159,190,291,188,80,171,7,91,128,252,53,25,338,338,145,212,245,280,231,187,214,170,71,71,336,292,295,51,113,58,58,29,132,219,146,124,66,315,211,326,216,1,26,311,55,78,147,185,160,250,205,197,197,197,304,327,327,269,328,8,199,332,163,115,322,238,148,14,139,63,340,52,236,2,281,281,37,81,137,19,165,167,70,50,33,306,54,89,309,196,230,287,169,173,202,110,200,39,39,101,276,32,100,179,135,242,341,290,290,3,308,334,334,136,337,133,153,152,235,266,121,121,191,253,24,142,95,31,44,75,118,77,36,246,143,289,130,227,22,268,112,331,293,312,85,30,30,237,297,72,302,151,122,144,183,333,209,45,157,42,277,138,299,120,92,254,259,155,285,107,93,93,283,65,106,317,317,274,111,310,208,314,62,98,220,218,296,319,140,140,12,96,271,300,47,47,177,57,13,247,229,249,9,21,272,335,261,83,330,221,240,239,164,82,61,321,161,294,294,117,97,4,4,127,258,172,99,162,48,28,284,180,180,64,109,109,108,282,119,56,68,175,46,90,34,255,228,73,69,10,186,18,243,256,43,94,154,189,104,5,203,116,194,15,232,222
2009,,230,95,100,334,200,246,340,112,260,37,15,127,302,225,290,59,184,240,33,33,115,287,177,151,74,171,142,120,303,333,293,119,38,21,21,269,272,201,108,30,242,237,318,288,252,252,310,140,213,233,86,23,66,284,309,178,181,280,2,267,107,68,314,64,78,211,316,204,206,270,270,141,132,10,85,215,105,268,155,308,253,291,128,173,335,266,35,330,285,295,39,321,207,327,232,89,187,31,198,307,228,98,8,341,341,79,275,313,254,214,306,169,182,70,319,329,160,193,25,129,60,60,209,203,195,87,113,175,247,122,256,133,14,51,337,124,48,106,317,210,265,196,158,158,158,168,311,311,292,163,5,229,323,221,46,296,191,251,19,154,55,342,138,231,4,218,218,42,91,47,9,164,153,40,92,69,325,6,197,326,172,236,157,150,145,131,81,224,63,63,103,261,43,125,282,75,167,344,304,304,1,299,343,343,61,332,152,97,239,202,289,83,83,65,315,41,102,170,34,7,26,93,90,159,111,110,273,57,294,3,109,118,286,255,264,77,18,18,279,176,62,235,114,179,146,149,339,186,99,143,56,271,123,250,162,36,244,192,137,312,76,67,300,205,180,71,276,276,212,136,336,199,331,156,144,227,188,301,328,121,121,52,101,257,190,16,16,126,50,32,117,274,238,22,45,161,320,208,94,194,298,258,183,174,58,53,220,217,219,219,165,135,12,12,262,281,263,324,305,73,27,283,139,139,28,44,185,82,189,226,80,54,84,13,104,72,166,277,24,17,49,116,11,241,297,88,248,134,234,278,29,222,96,130,20,245,223
2010,,254,121,63,327,289,295,347,294,109,87,52,119,231,202,259,103,207,222,8,8,132,292,272,161,74,133,200,114,284,346,246,158,12,10,10,243,285,210,223,14,163,201,304,309,196,196,293,96,248,342,68,25,152,148,290,92,141,297,51,323,46,116,341,190,26,257,262,192,170,126,126,169,145,1,142,232,150,211,178,189,265,261,220,118,316,306,50,333,206,301,33,305,165,234,331,162,122,11,91,300,209,31,44,344,344,139,228,312,111,233,287,131,235,88,321,337,146,278,57,245,89,89,194,138,110,174,73,108,274,144,264,215,2,6,268,86,4,160,240,283,186,282,172,172,172,154,298,298,280,113,38,216,168,214,191,213,199,336,24,81,13,319,167,279,49,205,205,55,143,70,20,164,130,34,48,45,328,22,75,296,95,195,102,156,182,53,69,291,93,93,80,260,43,112,315,128,273,338,271,271,61,302,339,343,242,266,175,71,221,125,237,27,27,84,303,35,135,94,7,104,39,37,140,129,147,97,308,101,286,28,79,184,310,329,120,90,15,15,187,218,60,249,54,193,185,159,288,275,173,98,29,176,100,250,208,40,204,179,238,177,66,59,340,149,251,85,255,247,219,78,313,203,345,123,99,324,134,311,314,67,67,106,157,332,188,3,3,181,21,30,334,258,256,19,16,171,267,229,72,197,325,244,180,224,83,62,226,252,230,230,153,166,117,117,322,299,276,253,212,41,77,277,241,241,124,23,326,42,198,183,36,56,136,17,76,47,317,335,58,32,115,105,5,155,269,127,137,64,107,225,9,82,65,239,18,263,227
2011,,126,118,51,323,303,243,347,173,212,20,139,113,338,195,279,234,140,164,80,80,23,291,315,83,67,170,242,193,238,305,96,115,36,12,12,167,307,258,223,75,248,183,336,157,273,273,211,207,266,343,21,25,68,117,314,54,77,214,10,268,192,98,321,146,97,196,306,219,197,131,131,201,93,2,55,154,112,304,239,283,262,240,168,104,324,286,17,325,186,285,35,290,177,142,270,24,175,31,63,328,217,100,37,329,329,158,208,289,71,163,308,135,228,222,337,340,143,302,18,254,237,237,82,108,66,88,81,122,277,156,292,106,3,32,317,99,7,172,225,244,190,231,153,153,153,94,318,318,326,245,14,136,198,181,232,200,312,322,26,85,44,335,180,206,90,202,202,61,188,30,45,189,138,58,76,133,309,42,69,281,114,250,89,247,249,134,87,272,64,64,160,287,47,145,145,301,235,310,298,298,15,293,313,299,162,220,174,194,124,119,274,107,107,50,261,11,56,149,1,144,73,48,123,92,159,147,185,46,224,4,101,267,334,253,79,86,9,9,165,331,120,155,39,125,152,78,320,264,187,127,43,137,179,311,294,8,148,178,116,269,59,203,342,161,295,130,327,288,110,129,296,257,345,213,74,260,151,205,280,41,41,102,209,300,233,13,13,171,34,62,297,241,210,5,49,316,276,251,121,282,332,278,275,191,91,65,246,218,265,265,132,105,52,52,339,271,150,284,204,29,57,319,256,256,141,22,255,72,227,95,33,53,128,28,103,40,199,230,259,16,60,169,19,184,330,216,166,27,226,221,6,84,111,229,38,182,252
2012,,188,70,27,337,315,199,347,177,258,51,230,127,321,194,297,147,209,195,13,13,25,256,344,154,261,181,132,260,310,338,89,92,116,50,50,166,244,159,303,29,233,326,320,216,253,253,172,151,264,334,31,82,80,185,324,81,88,184,38,273,207,28,296,71,69,169,240,73,150,115,115,141,45,19,124,135,146,298,265,263,208,255,119,113,335,228,10,317,201,176,24,270,179,247,269,110,171,15,112,246,84,174,21,345,345,175,286,305,41,213,234,219,224,190,319,308,156,304,76,282,93,93,9,137,54,101,26,202,332,242,203,248,4,23,318,117,1,62,239,108,79,289,212,212,212,36,341,341,311,192,17,288,140,129,98,271,128,254,18,78,134,327,74,221,12,96,96,47,191,22,3,49,144,52,95,77,237,7,86,290,104,291,198,252,294,35,43,329,152,333,106,293,20,65,65,245,325,299,183,183,6,300,215,259,163,186,167,189,340,257,330,75,75,72,227,42,149,57,2,105,97,111,91,59,87,278,139,133,281,64,279,205,322,251,100,126,30,30,153,313,225,148,109,223,123,120,292,232,67,14,34,316,287,285,218,66,145,275,276,226,55,231,307,200,210,164,343,283,61,48,229,301,314,222,68,236,60,217,309,157,157,40,155,250,142,5,5,161,39,63,336,168,187,32,122,306,267,266,235,323,206,339,268,196,94,130,328,249,277,277,107,103,58,58,342,284,114,280,238,37,220,136,121,121,302,125,243,143,173,138,16,46,118,85,33,83,274,102,211,56,99,131,44,241,178,193,170,11,295,262,8,197,214,90,53,158,165
2013,,99,62,64,336,331,150,323,277,264,14,72,80,281,148,158,197,311,253,28,28,43,270,343,54,107,143,213,159,232,176,58,189,42,57,57,152,237,201,219,56,300,116,294,257,247,247,179,129,310,297,40,112,260,231,269,45,22,196,49,313,261,15,275,66,67,167,284,47,174,77,77,118,168,6,240,125,319,272,110,233,299,206,84,151,334,188,2,328,235,105,120,252,109,342,190,133,111,16,113,282,187,104,5,347,347,126,273,226,93,210,218,303,236,180,326,329,199,320,39,183,63,63,3,92,89,29,30,333,316,288,204,182,8,27,335,121,55,50,171,346,91,266,289,289,289,157,338,338,327,85,1,166,205,124,102,262,154,238,26,217,52,344,86,291,37,127,127,13,241,4,10,44,301,20,34,256,339,25,212,309,145,302,225,202,211,131,33,317,136,321,172,267,23,88,345,139,290,263,216,216,32,227,164,250,75,248,259,178,292,242,322,68,244,132,138,36,200,82,7,51,24,276,144,35,97,128,249,161,221,11,258,304,324,341,87,69,74,74,207,296,193,325,83,160,142,106,279,268,79,19,21,280,228,293,170,31,134,305,76,230,117,298,307,185,194,209,340,251,96,141,224,285,162,177,61,306,119,222,330,103,103,48,70,234,60,9,9,265,59,73,332,165,271,94,95,315,155,255,239,337,186,175,274,146,181,163,215,147,314,314,223,130,46,46,308,318,203,286,287,38,101,195,149,149,115,108,295,114,254,65,98,18,135,53,41,169,283,184,137,81,90,71,123,245,156,173,140,17,214,278,12,246,122,100,78,198,191
2014,348,252,145,86,306,298,181,324,120,331,2,39,44,326,161,228,122,287,296,26,26,97,337,333,73,142,126,207,214,162,196,160,101,99,49,49,176,225,249,223,60,327,124,329,305,286,286,220,171,279,284,27,51,85,221,184,67,128,119,15,293,340,17,222,123,42,106,320,139,183,195,195,187,129,8,152,239,243,300,125,136,233,202,211,271,282,231,3,297,244,182,38,201,116,342,247,141,47,57,78,291,66,114,24,350,241,71,213,234,32,137,248,266,158,132,341,332,254,260,53,275,147,261,63,108,76,22,20,330,294,303,309,267,7,45,338,193,13,105,245,343,242,283,265,265,265,144,346,346,251,37,1,246,178,292,59,339,74,206,68,236,43,336,50,310,36,87,87,77,218,12,9,89,168,46,83,205,347,69,157,269,216,302,180,224,209,135,62,308,56,177,143,328,33,72,317,270,304,307,258,258,29,334,92,264,61,263,232,203,262,227,208,95,311,134,185,96,194,127,19,30,21,175,188,28,107,148,257,81,159,16,111,278,325,349,100,48,93,93,149,256,115,299,91,217,173,170,276,301,55,35,65,238,197,321,138,23,88,289,154,240,94,164,290,31,253,112,344,255,140,191,226,312,198,165,64,351,84,199,314,54,54,34,70,335,169,18,18,212,150,10,318,288,268,41,110,230,259,277,80,345,104,130,250,285,82,156,316,90,273,273,102,155,14,322,323,272,235,315,280,79,151,167,215,215,40,121,204,103,313,163,109,25,75,11,4,174,210,189,117,98,190,172,58,237,274,179,131,6,166,229,5,192,133,118,52,153,186
2015,342,204,108,55,336,264,131,346,188,283,4,65,29,324,295,253,139,317,257,14,14,142,330,322,47,110,239,115,254,268,236,200,58,20,28,28,153,241,292,269,113,301,149,349,344,80,80,195,146,166,327,43,84,89,140,180,92,72,165,73,325,202,79,168,36,42,260,262,222,150,182,182,275,250,3,217,224,218,225,129,138,133,249,114,296,319,272,34,350,290,190,99,208,203,309,212,205,69,22,35,147,68,86,7,351,263,71,251,284,75,127,145,111,242,214,318,259,231,313,61,282,62,228,48,169,100,23,16,280,312,340,311,199,12,81,341,118,1,103,193,276,201,333,298,298,298,136,316,316,170,76,17,132,271,308,49,345,162,305,93,261,33,207,125,300,87,185,185,41,215,74,15,158,211,52,46,159,348,192,255,183,164,320,154,332,226,57,32,277,121,256,270,189,137,98,310,299,328,173,191,191,10,337,104,314,152,143,245,117,178,252,179,18,246,122,229,9,167,232,19,11,38,70,206,45,107,240,291,82,126,78,134,258,302,326,160,27,44,44,177,171,60,210,59,163,184,198,196,238,161,289,67,187,95,293,106,31,144,347,194,244,83,265,248,26,297,63,331,219,94,274,233,306,278,223,315,307,112,157,221,50,50,39,51,338,130,53,53,56,66,90,148,334,247,24,54,227,213,230,155,329,88,267,287,220,85,135,101,91,216,216,105,281,40,303,343,286,237,285,174,102,151,181,197,197,8,124,321,97,209,64,37,30,123,5,6,175,294,304,120,119,186,266,25,234,323,141,156,13,116,176,2,96,243,109,21,77,273
2016,317,242,88,96,301,286,121,313,319,258,19,93,73,344,251,254,189,217,155,24,24,129,306,325,90,225,231,230,323,265,346,172,138,30,52,52,203,110,264,239,28,297,237,321,351,158,158,298,193,109,347,32,45,290,176,256,57,144,113,26,333,276,40,234,106,59,275,350,195,183,173,173,262,245,17,156,190,153,266,201,150,197,160,72,208,280,228,35,349,293,162,48,161,108,175,236,198,53,62,71,210,180,51,21,345,130,127,248,324,171,60,149,92,285,61,277,329,214,270,125,335,120,243,11,168,104,23,20,207,240,271,296,91,3,55,261,179,6,267,326,320,191,292,274,274,274,107,295,295,133,154,7,184,218,288,81,336,257,307,97,147,22,318,167,327,75,182,182,15,247,50,5,119,114,192,77,78,341,159,224,95,143,246,126,304,263,163,74,204,85,148,124,235,115,111,316,308,331,202,252,252,2,339,302,199,145,177,289,132,343,314,165,67,255,68,330,36,79,141,76,10,98,100,174,12,64,227,253,140,137,37,206,260,337,328,70,44,9,9,291,222,82,272,99,223,303,279,273,300,43,226,34,219,213,221,269,46,205,249,244,294,29,128,311,16,259,58,268,216,80,238,340,310,229,139,305,342,89,284,299,211,211,101,41,278,94,27,27,136,86,103,209,164,196,39,18,170,178,212,54,312,123,152,281,200,65,116,241,84,233,233,105,185,69,315,334,250,131,220,83,117,49,322,102,348,33,134,283,215,338,42,25,31,151,1,4,63,309,188,118,66,186,142,8,194,232,169,181,13,87,157,38,187,146,166,14,47,282
2017,298,222,100,56,351,342,129,285,307,274,18,126,35,348,124,230,82,289,180,13,13,83,340,314,94,173,192,249,217,277,281,76,122,25,80,80,306,90,261,284,62,278,187,308,341,229,229,309,237,114,335,23,45,242,207,268,72,86,235,96,343,263,28,305,85,39,290,339,189,183,302,302,258,250,14,224,191,67,220,272,148,186,136,154,204,267,276,5,345,271,108,26,202,98,106,181,123,132,69,61,195,131,77,1,327,152,190,310,334,112,269,270,188,215,52,221,338,216,332,66,238,49,304,44,199,117,71,17,198,329,275,157,223,6,30,252,141,4,140,330,226,115,211,165,245,245,225,347,347,262,93,9,97,175,227,172,337,287,312,32,149,46,321,158,316,101,145,145,42,279,20,40,43,259,37,74,88,344,156,134,81,194,240,203,324,209,197,109,206,107,176,54,182,119,84,178,256,315,286,299,299,3,349,161,168,167,255,320,159,323,283,205,169,138,38,293,27,103,105,73,65,22,120,236,10,264,246,171,87,303,79,280,239,313,350,58,60,19,19,294,296,34,155,92,208,266,135,291,301,184,273,15,95,234,166,260,78,111,214,125,265,51,170,318,11,243,24,336,143,185,292,228,231,326,150,325,333,91,346,254,99,99,102,233,319,213,55,55,29,118,57,210,160,257,70,64,177,212,174,41,288,128,116,137,241,144,196,218,139,311,311,331,68,16,295,201,219,110,121,59,248,53,244,75,300,47,130,147,200,251,104,33,48,63,2,12,50,328,247,36,163,193,179,7,322,297,232,162,8,133,113,21,142,164,127,31,151,282
2018,262,237,255,57,351,339,151,336,328,208,28,49,44,329,281,264,23,189,173,34,34,83,288,297,61,77,258,232,124,267,344,97,67,20,73,73,325,242,162,330,244,218,131,213,310,168,168,246,308,304,346,4,14,300,209,202,114,224,231,179,347,265,30,299,43,172,247,350,210,99,319,319,155,251,3,201,307,93,257,286,143,136,248,134,212,274,222,22,341,233,127,27,292,79,95,261,220,192,94,65,152,101,119,10,295,121,263,250,215,141,200,241,157,290,18,333,335,126,226,102,182,140,342,71,138,137,88,103,284,337,320,142,229,9,42,309,211,17,156,275,203,235,184,167,296,296,191,340,340,230,149,38,31,234,323,66,332,216,321,53,105,39,349,207,291,161,154,154,37,194,7,6,45,196,117,108,54,348,40,120,183,72,270,273,324,238,62,46,225,55,283,25,278,106,60,266,205,185,254,312,312,8,306,316,239,176,282,146,96,327,104,249,122,90,85,345,35,175,193,16,48,59,64,236,75,100,178,125,19,271,227,272,164,269,334,190,63,5,5,280,170,52,289,181,145,253,130,285,305,116,148,32,217,204,298,132,50,158,301,277,195,26,303,318,84,221,80,343,81,78,279,256,199,326,135,206,252,68,313,214,74,74,87,112,314,223,41,41,24,86,13,294,198,219,36,29,311,243,228,11,315,113,153,177,171,110,109,129,147,268,268,123,111,56,287,166,276,187,82,245,107,51,338,128,260,58,139,92,240,174,150,91,144,76,1,2,33,331,180,89,98,186,159,12,302,293,47,188,21,169,160,70,163,133,118,15,197,322
2019,152,243,108,64,344,328,279,349,200,206,94,57,54,313,254,242,11,128,133,35,35,49,306,332,139,127,231,105,161,153,327,145,22,72,86,197,334,226,210,253,241,181,282,302,321,129,123,160,297,266,351,29,36,278,154,126,63,180,215,98,342,221,55,218,85,62,265,356,312,118,233,233,135,251,4,173,264,80,357,235,159,237,309,227,301,211,204,26,318,162,213,14,260,71,59,163,156,293,100,132,103,124,115,2,268,111,185,170,194,114,201,223,93,239,12,281,305,348,329,84,196,205,346,52,208,198,37,15,358,319,247,110,285,17,20,339,143,8,228,298,217,169,58,45,222,222,225,256,178,140,141,23,131,134,270,19,354,323,276,33,157,24,353,236,331,56,199,199,75,148,6,3,246,296,46,50,21,355,68,171,295,137,250,245,333,324,51,41,280,47,164,27,345,188,53,262,315,310,183,244,284,7,300,303,271,202,167,158,89,304,193,136,177,96,74,341,97,187,184,44,32,83,113,290,28,81,216,130,43,151,101,326,286,209,179,175,79,9,192,234,122,142,248,203,212,269,78,274,240,189,106,31,316,176,144,90,125,67,343,186,190,60,267,330,107,214,70,337,229,92,99,308,232,335,146,120,273,121,275,261,88,88,112,311,325,166,39,39,40,69,10,289,292,320,25,91,287,195,138,5,257,61,291,249,283,119,147,252,73,322,322,172,34,102,258,230,238,347,87,272,165,82,336,150,182,109,38,104,299,149,220,155,42,76,30,1,13,288,314,174,48,207,224,95,277,294,116,255,66,219,168,16,18,117,317,65,77,259
2020,184,197,197,60,343,332,282,324,203,175,175,19,47,348,206,264,264,172,116,116,3,3,292,333,83,179,179,168,168,224,234,242,148,148,25,202,315,266,263,233,153,262,258,283,347,216,170,318,164,147,353,353,72,313,190,118,118,99,299,52,327,274,274,205,70,70,180,346,305,94,306,306,163,244,244,95,217,217,238,280,196,196,277,294,301,289,149,149,314,191,310,310,245,157,81,218,174,241,67,96,134,126,64,64,309,265,223,308,243,110,208,341,341,344,344,342,350,323,291,291,204,220,345,345,122,221,221,89,328,281,240,285,311,311,90,352,128,128,181,228,236,304,304,247,247,267,297,319,226,252,71,71,101,209,268,268,320,269,317,317,143,143,349,165,276,59,198,227,104,229,229,16,295,271,27,102,48,351,97,121,201,137,222,316,322,298,136,136,255,162,219,85,248,138,138,326,300,193,296,254,284,84,287,287,231,231,166,166,142,215,75,182,49,49,132,270,57,239,167,167,8,53,171,135,135,87,120,141,141,139,111,286,173,173,335,150,150,24,261,251,186,65,199,199,187,187,207,183,200,260,62,62,194,212,321,230,230,74,290,151,214,214,20,337,88,155,69,339,177,119,125,340,336,250,178,279,161,123,307,176,66,66,43,43,288,192,51,51,86,115,68,338,259,331,61,131,303,278,93,93,334,152,158,293,185,80,189,225,225,211,211,160,117,117,275,256,235,302,92,312,98,98,325,130,249,114,114,253,188,210,146,169,73,73,76,18,105,257,329,103,54,127,273,273,156,330,113,237,237,195,195,140,154,133,246,45,45,232
2021,84,332,112,9,348,354,240,342,267,212,29,86,18,351,252,197,60,215,149,2,167,110,349,325,61,148,260,130,146,249,185,276,77,120,20,229,329,132,255,259,114,211,251,331,345,281,232,339,234,156,356,116,45,169,179,89,8,76,286,21,291,220,22,275,70,87,225,352,338,141,161,328,55,158,36,126,155,128,311,174,289,105,205,204,309,299,292,41,277,181,279,15,310,191,96,182,142,227,63,95,270,154,37,1,318,103,257,327,194,184,187,284,190,304,5,341,314,350,258,4,288,198,343,50,119,178,7,171,263,265,293,162,177,27,147,335,115,49,200,262,307,334,98,238,239,271,242,247,201,296,82,59,10,94,214,24,346,315,266,83,92,35,355,118,340,31,131,287,138,157,3,64,306,216,62,51,67,357,47,88,226,189,207,134,223,237,173,71,166,109,300,91,268,294,150,278,250,196,295,210,273,34,283,330,272,139,297,72,168,319,228,337,163,206,79,317,85,221,81,11,39,33,152,125,16,43,117,219,40,90,97,321,245,235,326,165,80,25,280,285,243,111,188,65,316,303,38,254,324,202,53,75,222,180,264,195,30,93,333,145,213,54,186,323,56,217,124,353,159,113,170,269,336,308,192,256,135,32,301,312,69,69,57,151,233,236,42,261,140,143,28,347,320,313,26,137,344,208,183,17,218,74,298,305,144,121,102,209,107,106,231,58,100,13,230,172,203,244,108,248,176,6,322,253,282,44,46,199,136,160,193,104,48,133,12,19,52,153,224,175,129,78,122,23,241,290,99,274,68,302,101,14,127,73,164,66,123,246
2022,131,269,126,28,314,311,286,265,331,166,5,97,18,352,181,295,12,291,267,4,200,86,333,290,39,114,218,284,96,204,189,336,130,121,58,225,308,276,154,332,142,213,258,319,346,318,144,347,201,67,340,101,71,197,155,117,79,46,351,22,300,193,50,199,40,45,141,356,294,103,236,278,84,153,8,280,179,186,357,260,316,217,247,321,206,345,275,59,309,129,208,105,173,73,74,167,113,226,175,219,253,150,156,1,303,93,343,326,282,228,169,242,120,349,2,337,234,324,339,20,287,191,353,48,230,89,13,43,358,277,164,148,227,3,61,223,151,6,229,323,350,302,124,264,328,235,160,145,183,268,100,127,29,203,271,21,354,257,207,56,238,83,313,185,310,24,196,299,41,266,27,42,92,335,109,108,49,355,137,70,158,248,138,118,292,246,36,128,184,140,344,115,243,161,80,270,190,205,342,176,315,16,289,285,348,152,272,57,255,334,216,297,91,198,87,330,38,188,134,31,30,34,194,165,82,233,293,211,88,279,195,180,256,281,263,107,32,14,237,231,283,132,220,85,224,327,77,317,320,163,68,17,102,143,182,232,25,23,288,76,139,52,239,298,62,157,99,306,210,81,252,244,274,215,125,341,162,78,322,325,55,305,106,123,304,251,69,212,26,116,9,307,273,259,15,33,245,187,136,7,241,95,75,192,98,171,51,221,133,177,261,135,104,11,249,240,214,209,178,146,90,47,262,222,301,122,60,119,168,312,202,64,63,54,10,72,19,170,149,35,110,44,174,66,296,250,112,329,94,338,159,37,111,172,65,53,147,254
